{
  "ReRoutes": [
    {
      "DownstreamPathTemplate": "/api/sms/{url}",
      "DownstreamScheme": "http",
      "DownstreamHostAndPorts": [
        {
          "Host": "localhost",
          "Port": 5005
        }
      ],
      "UpstreamPathTemplate": "/sms/{url}",
      "UpstreamHttpMethod": [ "Get", "Post" ],
      //   "QoSOptions": {
      //     "ExceptionsAllowedBeforeBreaking": 3,
      //     "DurationOfBreak": 10,
      //      "TimeoutValue": 5000
      //   }
    },
    {
      "DownstreamPathTemplate": "/api/email/{url}",
      "DownstreamScheme": "http",
      "DownstreamHostAndPorts": [
        {
          "Host": "localhost",
          "Port": 5006
        }
      ],
      "UpstreamPathTemplate": "/youjian/{url}",
      "UpstreamHttpMethod": [ "Get", "Post" ],
      //  "QoSOptions": {
      //    "ExceptionsAllowedBeforeBreaking": 3,
      //  "DurationOfBreak": 10,
      //  "TimeoutValue": 5000
      // }
    }
  ]
}